round,accuracy,auc,sensitivity,specificity,train_time_sec
1,0.546485260770975,0.6111008268542515,0.27927927927927926,0.817351598173516,236.85930705070496
2,0.5668934240362812,0.6338290345139661,0.8873873873873874,0.2420091324200913,236.81576442718506
3,0.5918367346938775,0.7082253486363075,0.24774774774774774,0.9406392694063926,245.7024278640747
4,0.5782312925170068,0.6791414702373606,0.28378378378378377,0.8767123287671232,244.5058090686798
5,0.6303854875283447,0.7052223456333045,0.3963963963963964,0.867579908675799,236.27816486358643
6,0.5714285714285714,0.6776811057632975,0.3063063063063063,0.8401826484018264,247.39588928222656
7,0.562358276643991,0.6831934674400427,0.26126126126126126,0.867579908675799,238.07239818572998
8,0.6394557823129252,0.7239602616314944,0.4369369369369369,0.8447488584474886,235.3004665374756
9,0.6780045351473923,0.7128532642231272,0.6081081081081081,0.7488584474885844,235.53964710235596
10,0.6643990929705216,0.7323522152289277,0.5720720720720721,0.7579908675799086,235.0734567642212
11,0.673469387755102,0.7380291250154263,0.6396396396396397,0.7077625570776256,235.1172432899475
12,0.6780045351473923,0.73870788596816,0.5540540540540541,0.8036529680365296,234.92970776557922
13,0.6825396825396826,0.7466267637500515,0.7657657657657657,0.5981735159817352,234.91935896873474
14,0.673469387755102,0.7463799415854211,0.5180180180180181,0.8310502283105022,234.98869013786316
15,0.6439909297052154,0.7202373606483197,0.4594594594594595,0.8310502283105022,235.08568000793457
