epoch,train_loss,val_acc,val_auc,lr
1,0.6071637807062813,0.680672268907563,0.7905526715572778,9.990133642141359e-05
2,0.5513976085578635,0.7380952380952381,0.823933936129593,9.96057350657239e-05
3,0.5041777906546496,0.7142857142857143,0.837281567595233,9.911436253643444e-05
4,0.46934621841153984,0.7436974789915967,0.8278577985750611,9.842915805643155e-05
5,0.4369389391605388,0.7507002801120448,0.8470140462902033,9.755282581475769e-05
6,0.39301156483919536,0.7380952380952381,0.8262086389965311,9.648882429441257e-05
7,0.3832342665180428,0.7492997198879552,0.8311154980380687,9.524135262330098e-05
8,0.35991491824284083,0.742296918767507,0.8281746321886704,9.381533400219317e-05
9,0.3238570360491638,0.7492997198879552,0.8458848187955448,9.221639627510075e-05
10,0.2989572467570883,0.7352941176470589,0.8374602942490637,9.045084971874735e-05
11,0.26360442035667697,0.7478991596638656,0.855609173551705,8.852566213878945e-05
12,0.2515863808317041,0.7563025210084033,0.8423752772294119,8.644843137107056e-05
13,0.21354286616489282,0.7689075630252101,0.8406123825075349,8.422735529643442e-05
14,0.19916648016596433,0.7619047619047619,0.8493456167288148,8.187119948743447e-05
15,0.1859729960926279,0.742296918767507,0.8390038426230575,7.938926261462366e-05
16,0.1666291881229966,0.7689075630252101,0.842984572640199,7.679133974894982e-05
17,0.15685000724584053,0.7535014005602241,0.818807730740172,7.408768370508575e-05
